{
  "test_type": "batch_browser_load_test",
  "total_batches": 6,
  "browsers_per_batch": 16,
  "total_environments": 96,
  "successful_batches": 6,
  "failed_batches": 0,
  "total_duration": 371.2699601650238,
  "environments_per_second": 0.258571956528154,
  "success_rate": 100.0,
  "step_averages": {
    "environment_creation": {
      "average": 73.07559363047282,
      "min": 70.86672472953796,
      "max": 74.36738133430481
    },
    "environments_ready": {
      "average": 259.02861456076306,
      "min": 255.41653752326965,
      "max": 261.936975479126
    },
    "environments_reset": {
      "average": 22.17385160923004,
      "min": 21.905675649642944,
      "max": 22.577417373657227
    },
    "environments_closure": {
      "average": 9.187813878059387,
      "min": 6.625091552734375,
      "max": 11.547582626342773
    }
  },
  "batch_metrics": [
    {
      "batch_id": 0,
      "start_time": 1750103702.365081,
      "end_time": 1750104058.700106,
      "environments": [
        "ea554018-c045-4dba-9111-80ab44b84091",
        "b2aeef18-406b-48e4-9e93-e45c62d29f35",
        "fcc191e9-3453-4739-955a-e708fd3e463d",
        "2317fafc-05f8-4eb5-af7b-9ade640b6f6c",
        "da129dd9-be45-410c-b212-97d94fe0e30d",
        "6f17a3e3-649d-4b6a-a9ee-93e91d11e018",
        "9d0e9089-410b-4328-a998-ad8175e5617e",
        "4302e7e8-2567-4739-aef2-a70d1c9999d4",
        "2bd58303-64c8-4bda-9197-558d71878f5e",
        "e437f850-5a9f-44bb-81f8-ba32d55f240d",
        "e9be36c1-56b8-48fe-8db4-8f546a219a78",
        "fc63fce3-ba1c-4f20-a91c-0873c17c3d26",
        "e2d66f99-a5b6-4589-a1bc-0465633a1a0d",
        "2f2d73f8-007f-4055-8e5e-e079eaf723de",
        "f9233359-1b60-4600-81c8-e58e469ddd21",
        "3a61ada1-7409-466e-980f-72f2da124d5c"
      ],
      "success": true,
      "error": null,
      "steps_timing": {
        "environment_creation": 73.91309189796448,
        "environments_ready": 255.41653752326965,
        "environments_reset": 22.004444360733032,
        "environments_closure": 8.375728368759155
      }
    },
    {
      "batch_id": 1,
      "start_time": 1750103702.3652093,
      "end_time": 1750104062.7485864,
      "environments": [
        "b4197ece-0fc0-40d1-a663-b28c30abca4c",
        "f3c78d4c-5bd9-4268-a6c9-cf611a9baf88",
        "51f8dcc5-ccd0-4169-9e06-77a51ed5e8e1",
        "5fc57e00-b129-413a-bd50-9beef253ee8b",
        "6ae9803b-a408-45e8-865d-95ec617a58cd",
        "f53893a0-3d52-40d9-9eb6-763fea84aa68",
        "4eeb11d1-bc8d-4757-8d62-e78ba76636e7",
        "8d47bb24-e1dd-450c-9939-2bcaded0ae7a",
        "ccf0ddde-b818-4128-9064-4b3e2d6c2d5c",
        "0c91a5e4-2d68-48f5-be66-475a090db99a",
        "b841cecc-0d06-4e5a-88c8-6bfa1e5fc7da",
        "a01cfd2e-9ece-4e30-8e81-252442df6180",
        "22cd222c-96a5-4750-84c1-067e420d72d8",
        "72812324-7136-4691-8a90-41d39a077255",
        "809c1715-28a5-42bc-b6f5-dddd3cea9157",
        "8a9ccc80-44f6-46f9-b5b0-88390ebaae1a"
      ],
      "success": true,
      "error": null,
      "steps_timing": {
        "environment_creation": 70.86672472953796,
        "environments_ready": 261.936975479126,
        "environments_reset": 22.577417373657227,
        "environments_closure": 9.522923469543457
      }
    },
    {
      "batch_id": 2,
      "start_time": 1750103702.3653145,
      "end_time": 1750104060.4639413,
      "environments": [
        "97f2d4e7-89db-4348-b0df-b2034e59ee92",
        "ad493581-d769-4ec4-a508-62137a8b1b96",
        "d7d83084-f4a5-435e-be28-830eb0eee20c",
        "421fcc95-8585-4f4c-99d3-b9196ebef775",
        "94692ce7-cef6-415a-9694-bb3812544b3e",
        "4664e477-64e8-4d05-91a3-25b6e98de457",
        "354d142b-414f-419e-ac5e-edb8173ce616",
        "383f84e8-3c98-46a3-bebc-3666aa84cede",
        "4c2c9ba4-ac36-4e8a-a3cc-5c71c1f6107d",
        "57e8a949-cf16-45ba-83f0-f48348ecd150",
        "f6525104-3ee1-4726-b605-120c4234e9b6",
        "f2f481f7-3b53-4bae-8333-94cdec2b2f73",
        "a4e43cf4-d482-45f2-acfa-b60f33e73ac4",
        "74e0f54e-a2c5-42ce-9f90-9e4812540b92",
        "fae6f6b9-367e-4b84-8489-1c741cff8b2d",
        "5bdbb0c8-1c3d-4dc1-badc-dc092d9ab102"
      ],
      "success": true,
      "error": null,
      "steps_timing": {
        "environment_creation": 70.87160158157349,
        "environments_ready": 260.04588770866394,
        "environments_reset": 22.18056344985962,
        "environments_closure": 6.625091552734375
      }
    },
    {
      "batch_id": 3,
      "start_time": 1750103702.3654492,
      "end_time": 1750104061.1228576,
      "environments": [
        "d9cfef24-1b46-4a76-8722-e066d09a9f8b",
        "66b0989f-91e1-4c23-9636-f511e44fbc27",
        "e8d098d5-0dda-4feb-899e-788fc332f2cc",
        "96b7498f-0525-4197-8c44-f72538b842c5",
        "1eaee870-a024-4ff1-9690-209225bd6db0",
        "02a03972-f925-4226-8a8a-45302223414c",
        "6f8ec7eb-b65a-48a0-bbf7-2ac626b779ed",
        "acc41060-8aa2-4c09-a6e2-1273b7e0cad4",
        "f079cd33-9ca3-4daa-b80b-70c4e6707ab7",
        "573195de-1ef3-42d5-9597-d9a9f6c2897f",
        "d55b3bdb-b6c1-4149-89f5-f8c6ee5236ad",
        "06ebeecc-994b-481c-b17b-30fd7b8835f6",
        "aad79744-0d00-4c0c-9ecc-cc270a2d772e",
        "e25fbb2f-8447-44f1-9364-3bfde1443e41",
        "84ab5e50-614e-4710-973b-1c79b62a99b2",
        "3842c554-d37c-47ac-80b7-9f1b1526c41c"
      ],
      "success": true,
      "error": null,
      "steps_timing": {
        "environment_creation": 74.36738133430481,
        "environments_ready": 257.48297905921936,
        "environments_reset": 21.905675649642944,
        "environments_closure": 11.547582626342773
      }
    },
    {
      "batch_id": 4,
      "start_time": 1750103702.3655531,
      "end_time": 1750104062.600668,
      "environments": [
        "8273c478-c893-448a-b1d0-a893ccceea88",
        "6ccfb4df-f955-450a-9977-73c26ec00d13",
        "ccbad712-4e72-4c95-b4e3-1b70af8f40c4",
        "e7ef066d-5c0a-45df-bdbe-ed2c4634c9d8",
        "659b60ee-9667-4c87-9b68-7275888275e3",
        "34b5f96b-059b-499f-9e27-2707a5ac0ffa",
        "1b6914eb-f824-4782-8b3b-5cb6861db195",
        "2602bb3b-cc51-4887-b93d-41d487761372",
        "12b3dbfc-0b5e-4ca1-a428-936da4423af3",
        "10b2b10c-47ae-46dd-8218-eae99db1bf7c",
        "18f9f9e7-0701-471c-b38f-c23ada3eb1dc",
        "4aa0f9a5-d5c3-4644-a9b4-8d7c238d900b",
        "8f5f6d8f-b454-41a9-b2c1-d1f92d2a0c5c",
        "6bb66ce0-99e2-4eed-8351-6753063ee6ed",
        "265b1add-c712-4c08-9464-75920b549304",
        "d6298900-7664-4a0e-9670-9e22f3a8324f"
      ],
      "success": true,
      "error": null,
      "steps_timing": {
        "environment_creation": 74.14822220802307,
        "environments_ready": 259.1541373729706,
        "environments_reset": 21.931376218795776,
        "environments_closure": 9.656420707702637
      }
    },
    {
      "batch_id": 5,
      "start_time": 1750103702.365655,
      "end_time": 1750104064.232523,
      "environments": [
        "493e5bb0-d56c-4c1c-bd94-439394d8a00e",
        "4c5fc185-985c-42a5-8108-f87bec9aed14",
        "a60d8b29-93c8-4f47-b7f9-296c3ec07d4e",
        "e302f4af-e7f8-480b-958c-76a28d12a8ec",
        "d4ef0bed-1847-45d1-b677-ba1b8a472157",
        "4a3104f9-8f7c-4774-abbb-41f1effc1562",
        "b8f0dd82-1587-44c9-ba51-1d090148939c",
        "bfbdcf83-eb5a-4de4-8a42-2e1d6e66643a",
        "8c2abb5a-16c6-46f3-8c92-27f1c42d55aa",
        "c01d524a-d268-4052-96e7-fb9313e13262",
        "c9462e02-90b0-4742-91fd-728f85f9ecc9",
        "8b99c783-f060-4b61-912c-05cee1939696",
        "c5e68708-b762-496d-821e-2e6929363cb7",
        "9a7007d5-f4ff-401d-9db0-e9bc0124ff39",
        "63f49bed-9825-4edc-93b7-b620e869ccda",
        "35f637d5-4d9d-4e44-a016-cfb915f5a550"
      ],
      "success": true,
      "error": null,
      "steps_timing": {
        "environment_creation": 74.2865400314331,
        "environments_ready": 260.13517022132874,
        "environments_reset": 22.44363260269165,