{
  "test_type": "batch_browser_load_test",
  "total_batches": 6,
  "browsers_per_batch": 16,
  "total_environments": 96,
  "successful_batches": 6,
  "failed_batches": 0,
  "total_duration": 341.6834931373596,
  "environments_per_second": 0.2809617728925734,
  "success_rate": 100.0,
  "step_averages": {
    "environment_creation": {
      "average": 72.56762532393138,
      "min": 66.28806614875793,
      "max": 74.54433941841125
    },
    "environments_ready": {
      "average": 197.65267384052277,
      "min": 141.23519277572632,
      "max": 235.0912001132965
    },
    "environments_reset": {
      "average": 21.89199884732564,
      "min": 21.591314792633057,
      "max": 22.28606653213501
    },
    "environments_closure": {
      "average": 6.1972361008326216,
      "min": 5.709815740585327,
      "max": 6.599719762802124
    }
  },
  "batch_metrics": [
    {
      "batch_id": 0,
      "start_time": 1750101807.7487047,
      "end_time": 1750102042.0630443,
      "environments": [
        "c6605f87-d22e-48a9-84e5-6b20c348a4dc",
        "f4fd09e5-9492-4d5f-b181-03806b1bf94c",
        "2c34fcc5-d69d-467b-a15f-622d9dca7349",
        "d7a340fe-147b-4b72-b5c4-521c357ca144",
        "e5c19a6c-2b65-43a7-8d1d-a902442e5358",
        "50c3efba-948c-4c40-8fec-350094ae0845",
        "eed5572d-39ad-4392-8e15-3752f3df8453",
        "39c39fb1-c785-410f-a7c3-91b461975fd9",
        "3038e37f-aef7-4b44-b22c-683c68bca806",
        "7d65b802-9944-45ee-a6f6-bef7b77dfebf",
        "bc781678-79da-413e-96b6-540433b21e6a",
        "6da1f0bf-0803-44c8-8e91-00717a8ac181",
        "676f33e8-99a0-4aaa-a80e-bdc739c0dd5d",
        "fa41ec04-1837-46ac-8bf2-fc79119dfe5d",
        "ee214938-392a-48e5-835f-0d2a134770f9",
        "473b8f80-438a-4ab8-a233-a936031b1322"
      ],
      "success": true,
      "error": null,
      "steps_timing": {
        "environment_creation": 66.28806614875793,
        "environments_ready": 141.23519277572632,
        "environments_reset": 21.790587186813354,
        "environments_closure": 5.896774053573608
      }
    },
    {
      "batch_id": 1,
      "start_time": 1750101807.7488103,
      "end_time": 1750102136.1178424,
      "environments": [
        "1aad34d3-3e90-4509-8183-11cbda92c296",
        "5db6da24-02fe-4406-a72c-f56ff0959ece",
        "71321f8e-4a1b-4a3d-b063-7f7515e6162a",
        "a679b818-0db7-45de-94ce-1e8c9c5707d1",
        "937df366-452e-446d-b26c-a9c554cb71a1",
        "4d615843-16d4-4184-a5d9-79276772ba59",
        "8ea04cb6-0144-4678-b0fa-8266cb8e1a80",
        "2f84135b-b3ea-47fe-88c4-b749c5662ffc",
        "97f2fc57-4205-4c54-b3e0-01f69642f77d",
        "297829d2-d06c-4ceb-89ac-073533f8feb9",
        "0b96fc1c-2b6d-4931-856f-cc5eedf3cd36",
        "af65b385-6de3-4e39-a4df-dcbe71467d4b",
        "8967834c-6dc5-4b38-b410-82060b93f9be",
        "23e6c707-fa5a-4a2b-9e84-193b7a892af6",
        "06cd8c55-37e0-4278-ad7a-a2e370b85428",
        "a0fb756b-685b-460e-aed8-a141124ffef0"
      ],
      "success": true,
      "error": null,
      "steps_timing": {
        "environment_creation": 72.86592388153076,
        "environments_ready": 228.71129059791565,
        "environments_reset": 21.79092288017273,
        "environments_closure": 6.599719762802124
      }
    },
    {
      "batch_id": 2,
      "start_time": 1750101807.7488918,
      "end_time": 1750102131.0935311,
      "environments": [
        "c2a1a98d-9a40-4f40-96cb-2518baaeceb6",
        "8eef89c9-3eee-47c3-aed2-4fc9b174d4c3",
        "8707a4c8-9667-4585-a3c4-2d35fa58bd21",
        "4d207562-4ae1-4179-9d45-ee1346343873",
        "a6da7e0f-523e-42d5-9aa4-2a8f48d62355",
        "8bdd7f46-ae6b-4b10-9ffa-458805d389f8",
        "7d386edc-36bc-42cc-9104-7e2220242d74",
        "98469973-50cc-48bb-835f-6ae0c794836b",
        "b04b8d04-3158-4a03-a87f-6b0996a5e5e2",
        "83aa52eb-83db-424d-8387-055b02af8bea",
        "0f464a14-edeb-4288-80db-804f854ee587",
        "559d5d50-427b-418d-86e9-e0677ca18851",
        "5866253e-de9b-4232-9c04-18711770b6a9",
        "4bb557a6-7978-4561-aa00-6f706f347889",
        "62087254-7dbf-40fb-a8c2-f524378dbc88",
        "2432b13e-b464-43e7-bcb5-39b25acb52b0"
      ],
      "success": true,
      "error": null,
      "steps_timing": {
        "environment_creation": 73.53134679794312,
        "environments_ready": 223.22088313102722,
        "environments_reset": 21.591314792633057,
        "environments_closure": 6.586961030960083
      }
    },
    {
      "batch_id": 3,
      "start_time": 1750101807.7489707,
      "end_time": 1750102066.7224603,
      "environments": [
        "ff9f1be2-912c-437e-b472-9d817fd06dc7",
        "2072b1bc-0aca-4898-8460-2d80b6644dc9",
        "bff4eda5-0448-4b16-898c-a2c0bb3cec96",
        "8d688ab9-bc1a-4bd0-bd76-57cf06e43502",
        "64702cfb-8667-460d-a67e-c064044e885a",
        "25c91ce7-f843-4b49-98a4-a5813181bdf5",
        "3c09775b-de61-4a8f-b33a-7e0f0a503fd8",
        "0db5df04-a11b-402c-9b05-0ba09f2705eb",
        "fdf881cb-8862-467c-ad16-cd6e5d8938e5",
        "4b2da0fa-1905-4a55-9958-679b09808dfd",
        "54d11102-9fd0-42b0-8c16-9ffa8856c2dd",
        "907fc42c-942e-4f06-9be3-6de22b1bc85a",
        "36312c5e-60a6-427e-a1ba-f87508621e79",
        "06864797-e7e6-4225-91c0-bf8e1a1992dd",
        "c369b4c9-af19-46c7-a25f-a723e737b39b",
        "e36a4a68-2a72-4959-b6e0-4995f981ef71"
      ],
      "success": true,
      "error": null,
      "steps_timing": {
        "environment_creation": 74.54433941841125,
        "environments_ready": 157.32584834098816,
        "environments_reset": 22.102425813674927,
        "environments_closure": 5.806678295135498
      }
    },
    {
      "batch_id": 4,
      "start_time": 1750101807.7490525,
      "end_time": 1750102143.7188623,
      "environments": [
        "661a3f30-c009-4a2a-8301-deb90b5cca9b",
        "4d192177-6c71-4f6d-8465-5647e7428b58",
        "53d872b4-8040-4f89-acf2-be65a0ede34a",
        "9ec6b5e6-1e7e-4921-818a-cc558a52afd3",
        "25ff2b78-4f8c-460d-9406-c9d0eba1d2f5",
        "1661ca9c-05ea-481d-b703-f5ae9e7e52df",
        "da407fef-4ddc-43d0-a6f9-c9e26e5af503",
        "3e1b55be-d46f-48ef-a026-1cfcd7af52b4",
        "f272bd0d-236c-469e-912a-1d31b2e05a66",
        "66746332-f8cf-49cb-97fa-cb7f309a6a72",
        "c48400cd-fee1-43d8-98e8-7a58cc368c51",
        "bedf32f2-4642-49f1-8b6f-ff915e90159a",
        "1657ec1f-aa8c-407c-bddd-d19e938caad8",
        "e2ebeff1-cfc2-4baa-8d7a-74f44bf9f2e2",
        "017ef8cb-8254-45cd-bd2c-157b69c31b4b",
        "534364cb-1648-4323-b58b-95b1fd498565"
      ],
      "success": true,
      "error": null,
      "steps_timing": {
        "environment_creation": 74.0866596698761,
        "environments_ready": 235.0912001132965,
        "environments_reset": 21.79067587852478,
        "environments_closure": 5.709815740585327
      }
    },
    {
      "batch_id": 5,
      "start_time": 1750101807.7491386,
      "end_time": 1750102109.4568274,
      "environments": [
        "d1717af9-4803-4705-9726-b5e19b5c9119",
        "2aec05a1-6c09-4c5f-ab4b-5175481a918d",
        "15196af3-756e-4d26-8afe-eecbaea8c417",
        "8dbeeec8-02c0-467b-b105-1d484ebf3094",
        "cc0c9b07-6d62-4b24-aeef-7d71fd777bba",
        "08d2f81f-b21b-4411-87e1-10025f634e79",
        "6023881b-d768-474e-81a6-5fb9589bb490",
        "95e99686-7db4-48cb-a204-cad87dcd3f82",
        "e08475e6-5d23-4ae7-afc1-e701cf807941",
        "9b307db1-8096-4c9e-9e70-e62c34fe8ba4",
        "d35f20fa-1499-492e-8d1d-c66c2807826a",
        "4268796a-3cd2-4c9a-a0d8-eaa38aa21808",
        "06535d69-08fb-4a2e-b4be-89efafd35dd3",
        "24793d90-9479-47e8-81d9-260c283bb832",
        "966888ed-b2d0-4e1e-a1ac-99aa0ba58560",
        "aa4a1622-dc6e-449b-9488-7fc0ab02c159"
      ],
      "success": true,
      "error": null,
      "steps_timing": {
        "environment_creation": 74.08941602706909,
        "environments_ready": 200.33162808418274,
        "environments_reset": 22.28606653213501,