{
  "test_type": "batch_browser_load_test",
  "total_batches": 6,
  "browsers_per_batch": 16,
  "total_environments": 96,
  "successful_batches": 6,
  "failed_batches": 0,
  "total_duration": 339.31744623184204,
  "environments_per_second": 0.2829209080349115,
  "success_rate": 100.0,
  "step_averages": {
    "environment_creation": {
      "average": 78.36819247404735,
      "min": 71.40656304359436,
      "max": 82.09678268432617
    },
    "environments_ready": {
      "average": 223.67387477556863,
      "min": 219.1367950439453,
      "max": 230.54147005081177
    },
    "environments_reset": {
      "average": 22.039331038792927,
      "min": 21.85735058784485,
      "max": 22.305365324020386
    },
    "environments_closure": {
      "average": 6.92715847492218,
      "min": 6.00517725944519,
      "max": 7.7505199909210205
    }
  },
  "batch_metrics": [
    {
      "batch_id": 0,
      "start_time": 1750105553.663883,
      "end_time": 1750105882.6527576,
      "environments": [
        "7dd107ff-f6f3-4047-8421-806a5d531bca",
        "2b5b3dbf-062f-4d2e-88c8-84ac43a220cc",
        "6a30a1c2-134c-45c5-b5ac-fc44985b4bd8",
        "ed67a724-5832-4fa7-8854-4fd426b9e708",
        "85fbe3d8-9216-4517-ab03-4839853a9178",
        "8bf8cd83-b087-4fcd-b752-d2cb44698695",
        "ba00642e-3e94-4665-84c3-1f6c3b14f3ed",
        "1ac9f2bd-a506-45d2-9304-21f0f57e21c2",
        "fa00b219-e8fb-4132-b613-ae3a747e9937",
        "cb9bf72b-55cb-4905-bcde-753cf4f1c3df",
        "0e3b5b2f-81f5-4fa7-800a-261efd0c8323",
        "4f37a46a-2854-4524-addf-b70bba0a667b",
        "a199d37f-7d75-4e25-b6c2-e63220582592",
        "e23c6a55-eaab-47eb-bdf0-20133fe1b30e",
        "f7bd08f2-95dc-44cc-9c4f-0a69eee0d645",
        "801f4b51-f942-4260-a3ea-9b2d1847894d"
      ],
      "success": true,
      "error": null,
      "steps_timing": {
        "environment_creation": 71.40656304359436,
        "environments_ready": 230.54147005081177,
        "environments_reset": 22.040209531784058,
        "environments_closure": 7.59729528427124
      }
    },
    {
      "batch_id": 1,
      "start_time": 1750105553.6640444,
      "end_time": 1750105880.2013452,
      "environments": [
        "62e39670-39aa-4a0a-953e-160ed71befd3",
        "3d4fd9a3-e66e-4941-9271-cbd3bb10868c",
        "60d55bbf-78a4-4cc5-bdf6-ca043725b826",
        "54b897d8-2872-4984-89b9-8d975cdc2f96",
        "b262c2b1-c763-4480-9c4c-4d02d3194c0f",
        "8fb0841e-b697-4023-896e-7fdeb15c9ec2",
        "379dd504-a82b-4174-bf78-f3d2bc2ff928",
        "578826e3-5d5b-4a05-896b-a5ff1f2c1601",
        "61c4e439-7906-4824-900b-aeab1a21aff2",
        "8ce1040f-cd14-43be-9a21-5fc9459a3e89",
        "fb67189c-a22f-4640-8990-62e052424cc3",
        "48496026-65d0-4a8d-9f5b-b60ef61c6df8",
        "64fe98ea-729d-4d6f-b36d-3dbe5d94c02d",
        "3c20402d-182c-44bb-9f1f-13a5f52e62a3",
        "90a80b3d-412f-411a-aec4-933229c7f076",
        "11fdd77e-04a6-44aa-ac83-a0b5539a6197"
      ],
      "success": true,
      "error": null,
      "steps_timing": {
        "environment_creation": 73.87819409370422,
        "environments_ready": 225.66519331932068,
        "environments_reset": 21.99289298057556,
        "environments_closure": 7.7505199909210205
      }
    },
    {
      "batch_id": 2,
      "start_time": 1750105553.6641848,
      "end_time": 1750105886.6480553,
      "environments": [
        "cf852d00-9845-4564-854c-6beaedcbd388",
        "7e397a6b-993d-44ef-97df-7704d9270602",
        "ab36c9da-e2fb-41d4-a6b3-1d3a9beb0f3a",
        "161c5c6a-e1c2-4e1a-b2a4-cfb579a7a29f",
        "0295b81f-8507-41f8-b183-32f528e5cf11",
        "35d159c3-f9b7-430f-a0e4-cf51340e09e1",
        "343963f7-67e4-43d9-94db-3da69d03dd07",
        "fb176e86-69eb-47a3-bdb3-7abb24c396bc",
        "3ede3301-404e-4b3c-a0a5-708529181df4",
        "f2ac484c-92f2-426b-a4d4-e83bde5f6cc3",
        "86d90df1-e2a6-4dcb-b7ee-dce0bced0137",
        "e507265f-f504-4c48-b8d2-dda0988f0d98",
        "b41b71a7-5f6d-4d19-a9f8-baf9fa574094",
        "814d5cf8-0c4e-4247-a909-58be85af55e3",
        "fbb03df7-5239-46c7-a02a-eb26e1b17a14",
        "b3a75dc0-8b98-400f-8b15-2bd6a7649dd7"
      ],
      "success": true,
      "error": null,
      "steps_timing": {
        "environment_creation": 82.09678268432617,
        "environments_ready": 223.5805265903473,
        "environments_reset": 22.305365324020386,
        "environments_closure": 6.329646348953247
      }
    },
    {
      "batch_id": 3,
      "start_time": 1750105553.6643183,
      "end_time": 1750105883.0571337,
      "environments": [
        "d2fadc9f-1c83-4f6b-8a3b-e976110afd18",
        "7647e351-4ca6-4600-99e8-001c80f027f9",
        "325360f4-c448-40a2-b73e-4eb0470b9689",
        "8658001c-9ce8-40f2-9c74-2b8753914656",
        "713c8e1a-6f67-4656-9cea-4373805fcfdc",
        "f36c3806-86ab-4930-8a62-8a37c730d01f",
        "30ade1eb-13c6-4501-8883-dbc47381bdb1",
        "a16c69ac-81ee-4c3e-9aac-a9250b5a4cef",
        "7289b541-d19b-4c8a-b844-ca20fff7ee97",
        "3ad3cccd-aa57-45bd-972d-f1cda907888c",
        "ed17d6c0-9537-4eca-b406-541a5122783e",
        "6b2110ef-296c-48ee-8ef5-67e3c27848ec",
        "9439cd3a-679e-4623-adb8-06a0681789ce",
        "9b2fb421-0925-4df9-870d-4f63e83a21ad",
        "25b9e467-9d8d-4624-96db-ea5c7067164c",
        "75a201ab-7056-4242-b99a-9e7c721af00f"
      ],
      "success": true,
      "error": null,
      "steps_timing": {
        "environment_creation": 78.88546442985535,
        "environments_ready": 223.52383875846863,
        "environments_reset": 21.981321811676025,
        "environments_closure": 7.444399356842041
      }
    },
    {
      "batch_id": 4,
      "start_time": 1750105553.6645026,
      "end_time": 1750105881.5082288,
      "environments": [
        "027e19fb-26e1-468f-bd5d-c73853803468",
        "5eb2c4b2-6ad5-4a63-923a-4139142fd53f",
        "5fe09f43-2923-4b59-8f6b-2135717f6ff0",
        "febbc95d-f2a2-4b68-a871-1c4b4a86da22",
        "7fc6dcb6-798d-4ba5-af96-fd917c9ae92d",
        "59a5e689-ba57-402b-b1af-4a08889aaad5",
        "6eedea36-fecc-4bb0-9577-59d35209ca8c",
        "932b6dfb-6a9f-417a-adb2-d2f014b1c792",
        "bf121038-c280-43a6-8184-5ca986df0aac",
        "c9f33928-2341-4857-8241-3dcfd7ea90c0",
        "b9f13162-a60a-473a-a571-9e49d94dc435",
        "233f79d9-fbfd-4667-b7de-306525e38718",
        "46ce5bc4-25d7-48ee-934d-71ca6d9e3a6c",
        "92203520-60c9-456e-8018-c42f369ea024",
        "1c85bad0-ff4e-409e-8bbc-f1d7816f73e5",
        "0fd05bb0-1214-40e6-9207-eaf4d9a88715"
      ],
      "success": true,
      "error": null,
      "steps_timing": {
        "environment_creation": 81.848806142807,
        "environments_ready": 219.1367950439453,
        "environments_reset": 21.85735058784485,
        "environments_closure": 6.435912609100342
      }
    },
    {
      "batch_id": 5,
      "start_time": 1750105553.6646612,
      "end_time": 1750105882.4126394,
      "environments": [
        "9abfad10-13a1-4419-9a50-279805524d11",
        "a7c2e8aa-df10-47ef-add7-1eb2f8e182fd",
        "50da3bef-be4e-413d-998b-eef40eb50e44",
        "40bc7a0f-8de9-4f42-b0a9-48411faee5c9",
        "46165ed4-47ca-49e9-a3f3-73c899e70087",
        "b9520643-7f18-45a3-8e9d-58f3df8b8894",
        "4d68f542-2ed5-4637-a162-7deea2c9280d",
        "c421f060-c30e-4f69-946b-15eaea5347fd",
        "d78efe4a-8ef5-4d6c-b9e2-ddb64a29ace4",
        "bdac380d-ea42-46fd-8b17-aa8fdb6fdb1f",
        "73112dfe-660e-4f3f-ac3d-ad1dbad54752",
        "0cabff4b-6253-4154-bd70-f1575cbcb93d",
        "1a7d1fd7-e113-45ea-90e5-e49d876a290d",
        "40cc3ec8-aa07-48da-a0b3-31042a9f57d1",
        "934b0c40-22fd-422f-94de-7a0a64a26570",
        "08adf2fa-c92e-42eb-aa6e-7800cdfd2668"
      ],
      "success": true,
      "error": null,
      "steps_timing": {
        "environment_creation": 82.09334444999695,
        "environments_ready": 219.5954248905182,
        "environments_reset": 22.05884599685669,