{
  "test_type": "batch_browser_load_test",
  "total_batches": 6,
  "browsers_per_batch": 16,
  "total_environments": 96,
  "successful_batches": 6,
  "failed_batches": 0,
  "total_duration": 365.30858039855957,
  "environments_per_second": 0.26279152790570076,
  "success_rate": 100.0,
  "step_averages": {
    "environment_creation": {
      "average": 55.64528508981069,
      "min": 44.779078245162964,
      "max": 61.106330156326294
    },
    "environments_ready": {
      "average": 270.5661113659541,
      "min": 260.05185532569885,
      "max": 283.6964120864868
    },
    "environments_reset": {
      "average": 22.462281584739685,
      "min": 21.781715631484985,
      "max": 23.503637313842773
    },
    "environments_closure": {
      "average": 8.123769760131836,
      "min": 6.575798273086548,
      "max": 9.67174768447876
    }
  },
  "batch_metrics": [
    {
      "batch_id": 0,
      "start_time": 1750101294.348347,
      "end_time": 1750101650.4182625,
      "environments": [
        "3012ce12-afd5-4bdd-abd0-62696e32f1af",
        "e216e930-1dca-498d-a3b0-34dd57c91ca1",
        "79f6e542-950c-42c5-8872-95a7186829cb",
        "6a8d0016-4478-42ee-9639-ad2883a52c15",
        "0c336e52-c8bb-454d-801c-70d9c30c74eb",
        "03fb78d6-c1f3-4454-bab7-bbde3002ede7",
        "55c62201-c8b0-44dc-abf7-2ca3977d365a",
        "271aed49-54d4-4157-8b8d-98ee5318cd6a",
        "c241a9b7-91a8-4596-a483-931cd53c6368",
        "4845f596-749d-4cfe-9ca7-ba0d406d956a",
        "25d387c1-11c6-4832-8ed1-a14ef80bf523",
        "8e9e5bf8-d5fb-4d92-a0ff-1c764240959e",
        "df293de5-245b-4d73-bbdd-4adc5354845c",
        "a892e8eb-bee1-43c5-add1-5268bfa9e353",
        "febc96a1-a62c-4a70-a48b-64c88159f0c5",
        "391effea-de3c-4bc6-91e4-5be5545db945"
      ],
      "success": true,
      "error": null,
      "steps_timing": {
        "environment_creation": 44.79315781593323,
        "environments_ready": 283.6964120864868,
        "environments_reset": 22.579522371292114,
        "environments_closure": 6.575798273086548
      }
    },
    {
      "batch_id": 1,
      "start_time": 1750101294.3485427,
      "end_time": 1750101644.4938827,
      "environments": [
        "802ee0c6-5cae-4f3e-b9a9-b97216a8af1c",
        "655d3c0d-8251-47ba-ba13-3a33df02b35e",
        "24b17462-7737-4491-9c53-7dfcb71ad91f",
        "1527c4a1-adce-45d8-91a9-c8db91e448a9",
        "875ee203-bd0f-49c3-ad0d-22806b5323ea",
        "f2ec01e3-95e5-44cd-920b-6aafa6b41398",
        "60523fc3-0a94-4b49-ad46-ba33a39d3053",
        "bc12a509-4786-42ee-a0ce-1f6fde859ad7",
        "0302698f-94f9-4efb-8fbf-bc5b0a834a4a",
        "3cdd4813-c901-4593-871b-921da9d8d022",
        "95a719ce-db7f-4bed-a8f6-f264dc6a4308",
        "5216f735-28ea-46bd-818c-55d0cc12221b",
        "061b67c0-e5f6-430d-a085-b99b82ee793f",
        "ec5b657d-ce4d-4fed-b878-b2ea50663e09",
        "63bf9b24-8771-4dd0-a0c2-97702ee2da4f",
        "c424eb28-7199-46bb-bf42-4e61ff7e75eb"
      ],
      "success": true,
      "error": null,
      "steps_timing": {
        "environment_creation": 44.779078245162964,
        "environments_ready": 278.35306572914124,
        "environments_reset": 22.012664794921875,
        "environments_closure": 7.367571115493774
      }
    },
    {
      "batch_id": 2,
      "start_time": 1750101294.3486855,
      "end_time": 1750101649.4744072,
      "environments": [
        "a020aaa0-b395-4874-a130-2b738e3e45e4",
        "a0a8fe58-cf31-45e8-94cf-dd8a80a2c3f6",
        "f18ee10c-68a4-425c-9939-254806ced6a7",
        "3e161b5e-e70b-46c8-a6dd-6c44a280480d",
        "62009d49-22b3-496f-aa0b-aedc488c50d2",
        "9b4522e0-f35b-4cd9-af04-83ea053e7ed2",
        "66925000-67fa-451c-90f6-19274b0de920",
        "84e9d032-2c37-47bf-b662-156ae5865f0e",
        "96f413de-f15e-4135-8b13-a9f54da6b668",
        "ec77b973-d182-45e2-b9e1-ee6efa2cd0ae",
        "7652d2de-df0b-4b02-baa2-1991d8b00dc7",
        "e7328987-6112-4adc-bd99-323392dc7120",
        "ad9fef94-e746-43fd-a8c1-2153f67b6371",
        "deef11ac-635e-4461-aff6-efdcad2df5cc",
        "c39d1f59-d0bb-463d-aec5-c1e4c523a7a3",
        "2393c1f8-1f2f-40b0-857f-50b3a818a95b"
      ],
      "success": true,
      "error": null,
      "steps_timing": {
        "environment_creation": 61.106330156326294,
        "environments_ready": 266.7745578289032,
        "environments_reset": 22.24402117729187,
        "environments_closure": 9.67174768447876
      }
    },
    {
      "batch_id": 3,
      "start_time": 1750101294.348819,
      "end_time": 1750101652.1980822,
      "environments": [
        "b7ae1349-3ed0-4e69-a468-f0a640e7111c",
        "af196b59-c3f4-4829-a170-5792cb149312",
        "ae00e5ce-ae9d-4995-b989-3304bd167baf",
        "d8c72f7e-e93a-4179-8d20-2bf5532db667",
        "cb6b0c29-1e58-47ec-aa2f-6f36174d478c",
        "236488f2-6852-4ef5-ba26-0cf3c23b8b62",
        "7e4eb4f1-dfad-4a66-b94f-c8e24f642a45",
        "f29c6a6d-8b78-4078-bc45-5ee4dfd8beef",
        "38e93f86-0162-4ae0-b3ee-9aa2919b3098",
        "64e052d7-8e1b-4cbe-a810-c32b0522b40d",
        "5e425b10-9d26-4e34-a3c9-da619bd7225f",
        "c5da3ca6-bf22-43ba-9e4a-77c4d0b00377",
        "e874db61-171c-4878-8468-254ae1440e1d",
        "c96e734d-b716-473c-89ce-195648c893b7",
        "a7e0ec34-84e5-49d9-af0e-fd578702cc7e",
        "0be52626-0011-44e2-a0af-03d029d31a2d"
      ],
      "success": true,
      "error": null,
      "steps_timing": {
        "environment_creation": 61.039754152297974,
        "environments_ready": 269.15637731552124,
        "environments_reset": 22.652128219604492,
        "environments_closure": 7.454613447189331
      }
    },
    {
      "batch_id": 4,
      "start_time": 1750101294.3489857,
      "end_time": 1750101642.2813942,
      "environments": [
        "e9924a07-d0eb-4e44-85f8-5651c687d0f6",
        "d9c4b7b5-9370-4a8d-8081-4e25ded25946",
        "24793a33-b3f8-47b5-883d-98f3209644d2",
        "70daa4ae-f791-41d6-9a8a-03b4eef2a75a",
        "91809ad8-7bea-4250-bb04-7e22fa0650f1",
        "7fd90c08-218b-4849-a392-8e65682465c2",
        "dbbe65db-bdd9-4060-8b53-8cb580a4760e",
        "06fdda7c-f62d-43db-9144-848a608a813a",
        "84a223c3-8e45-4891-94c4-c3ba6065b977",
        "b0790d58-8daf-449b-b2fb-1d5d7b1d4725",
        "5881993f-fea6-4cd1-bbb5-30f6157881d7",
        "5aab6886-1087-4f43-83db-57714ac3c9cc",
        "6e8e4cfe-aa7a-41b8-8f9f-cc74808f1085",
        "08caf6bb-1342-4757-8624-bfcffc805220",
        "cb6e93f9-e67e-495b-9ddd-3233a8a295d6",
        "0063ef18-0e08-45aa-9863-dc0127ef3388"
      ],
      "success": true,
      "error": null,
      "steps_timing": {
        "environment_creation": 61.09795832633972,
        "environments_ready": 260.05185532569885,
        "environments_reset": 21.781715631484985,
        "environments_closure": 8.114761114120483
      }
    },
    {
      "batch_id": 5,
      "start_time": 1750101294.3491416,
      "end_time": 1750101649.2736278,
      "environments": [
        "9abc479f-9c5f-4748-91d0-fc26e0571434",
        "cbf7d184-71f4-43a6-8775-8b37d76bf8b2",
        "68e06501-c36a-4f10-8209-fda0710e3a28",
        "1fa59b70-5a08-4d29-bead-4eba825cdff2",
        "3ccc57cf-8806-47c0-a3eb-1799101f2283",
        "a0c8736b-fb4a-4ff6-8587-ee810877d7fb",
        "8ff33c14-ebf9-4314-88cb-e6629a6f7963",
        "34b8a29e-12a2-46c5-8e50-3659dd79c440",
        "9f1abc45-4e8f-4f2d-bff8-5a1d5555a353",
        "2e06e9bf-321c-4b57-bcb1-2ddd1a70166b",
        "04434089-db6a-45cd-9669-000c70d8f311",
        "adc370c8-eee8-4209-b2bc-909061270640",
        "3f9e6da6-31d9-4569-b678-645563a784b5",
        "7ae8c428-f41b-4f05-9b30-1379685411ef",
        "8c3d078e-d694-4ff5-86fd-f51fbef8d79d",
        "fa51dcb5-893b-4b5a-8022-f426236a669e"
      ],
      "success": true,
      "error": null,
      "steps_timing": {
        "environment_creation": 61.055431842803955,
        "environments_ready": 265.36439990997314,
        "environments_reset": 23.503637313842773,