{
  "test_type": "single_simulator_test",
  "tested_simulator": "bugsink",
  "total_simulators": 1,
  "successful_tests": 0,
  "failed_tests": 1,
  "total_duration": 8.791837453842163,
  "login_attempts": 0,
  "successful_logins": 0,
  "login_success_rate": 0,
  "overall_success_rate": 0.0,
  "individual_simulator_metrics": [
    {
      "simulator_name": "bugsink",
      "success": false,
      "total_duration": 8.791714429855347,
      "environment_id": "31aacb43-f983-4844-89a0-d23260fbc653",
      "steps_timing": {
        "environment_creation": 0.030620336532592773,
        "environment_ready": 0.051873207092285156,
        "environment_reset": 8.178415536880493,
        "public_url_retrieval": 1.5735626220703125e-05,
        "environment_closure": 2.6226043701171875e-06
      },
      "tasks_count": 0,
      "login_attempted": false,
      "login_successful": false,
      "error": "BrowserType.launch: Executable doesn't exist at /home/ubuntu/.cache/ms-playwright/chromium_headless_shell-1179/chrome-linux/headless_shell\n\u2554\u2550\u2550\u2550\u2550\u2550\u2550\u2550\u2550\u2550\u2550\u2550\u2550\u2550\u2550\u2550\u2550\u2550\u2550\u2550\u2550\u2550\u2550\u2550\u2550\u2550\u2550\u2550\u2550\u2550\u2550\u2550\u2550\u2550\u2550\u2550\u2550\u2550\u2550\u2550\u2550\u2550\u2550\u2550\u2550\u2550\u2550\u2550\u2550\u2550\u2550\u2550\u2550\u2550\u2550\u2550\u2550\u2550\u2550\u2550\u2550\u2557\n\u2551 Looks like Playwright was just installed or updated.       \u2551\n\u2551 Please run the following command to download new browsers: \u2551\n\u2551                                                            \u2551\n\u2551     playwright install                                     \u2551\n\u2551                                                            \u2551\n\u2551 <3 Playwright Team                                         \u2551\n\u255a\u2550\u2550\u2550\u2550\u2550\u2550\u2550\u2550\u2550\u2550\u2550\u2550\u2550\u2550\u2550\u2550\u2550\u2550\u2550\u2550\u2550\u2550\u2550\u2550\u2550\u2550\u2550\u2550\u2550\u2550\u2550\u2550\u2550\u2550\u2550\u2550\u2550\u2550\u2550\u2550\u2550\u2550\u2550\u2550\u2550\u2550\u2550\u2550\u2550\u2550\u2550\u2550\u2550\u2550\u2550\u2550\u2550\u2550\u2550\u2550\u255d"
    }
  ]
}