{
  "total_tests": 4,
  "successful_tests": 4,
  "failed_tests": 0,
  "total_duration": 4.054726839065552,
  "tests_per_second": 0.9865029529145386,
  "success_rate": 100.0,
  "individual_test_metrics": [
    {
      "success": true,
      "total_duration": 3.6633830070495605,
      "steps_timing": {
        "environment_creation": 0.6741869449615479,
        "environment_ready": 2.989177942276001,
        "browser_operations": 9.5367431640625e-07,
        "environment_closure": 0.2235569953918457
      },
      "error": null
    },
    {
      "success": true,
      "total_duration": 3.5640769004821777,
      "steps_timing": {
        "environment_creation": 0.6678476333618164,
        "environment_ready": 2.896209239959717,
        "browser_operations": 1.1920928955078125e-06,
        "environment_closure": 0.348278284072876
      },
      "error": null
    },
    {
      "success": true,
      "total_duration": 3.6056008338928223,
      "steps_timing": {
        "environment_creation": 0.6541862487792969,
        "environment_ready": 2.9513986110687256,
        "browser_operations": 1.430511474609375e-06,
        "environment_closure": 0.3199145793914795
      },
      "error": null
    },
    {
      "success": true,
      "total_duration": 3.843093156814575,
      "steps_timing": {
        "environment_creation": 0.6487569808959961,
        "environment_ready": 3.194319248199463,
        "browser_operations": 9.5367431640625e-07,
        "environment_closure": 0.20728802680969238
      },
      "error": null
    }
  ]
}