{
  "total_tests": 1,
  "successful_tests": 1,
  "failed_tests": 0,
  "total_duration": 2.609710693359375,
  "tests_per_second": 0.3831842366836228,
  "success_rate": 100.0,
  "individual_test_metrics": [
    {
      "success": true,
      "total_duration": 2.423264741897583,
      "steps_timing": {
        "environment_creation": 0.41541528701782227,
        "environment_ready": 2.0078284740448,
        "browser_operations": 1.1920928955078125e-06,
        "environment_closure": 0.1857466697692871
      },
      "error": null
    }
  ]
}