{
  "total_tests": 1,
  "successful_tests": 1,
  "failed_tests": 0,
  "total_duration": 4.2407310009002686,
  "tests_per_second": 0.23580840185046142,
  "success_rate": 100.0,
  "individual_test_metrics": [
    {
      "success": true,
      "total_duration": 4.037998199462891,
      "steps_timing": {
        "environment_creation": 0.21087169647216797,
        "environment_ready": 3.8271048069000244,
        "browser_operations": 1.1920928955078125e-06,
        "environment_closure": 0.20206904411315918
      },
      "error": null
    }
  ]
}