{
  "test_type": "taiga_login",
  "total_tests": 20,
  "concurrent_tests": 10,
  "successful_tests": 20,
  "failed_tests": 0,
  "total_duration": 223.60894179344177,
  "tests_per_second": 0.08944186149082961,
  "success_rate": 100.0,
  "step_averages": {
    "environment_creation": {
      "average": 6.211774361133576,
      "min": 1.5240452289581299,
      "max": 8.20733118057251
    },
    "environment_ready": {
      "average": 19.869272696971894,
      "min": 0.19665980339050293,
      "max": 84.18242835998535
    },
    "environment_reset": {
      "average": 20.922788739204407,
      "min": 19.243849277496338,
      "max": 26.930126667022705
    },
    "get_cdp_url": {
      "average": 0.04189097881317139,
      "min": 0.023616552352905273,
      "max": 0.17903995513916016
    },
    "browser_operations": {
      "average": 13.667909169197083,
      "min": 12.585068941116333,
      "max": 14.307570457458496
    },
    "environment_closure": {
      "average": 5.30651603937149,
      "min": 5.201648712158203,
      "max": 6.193393707275391
    }
  },
  "individual_test_metrics": [
    {
      "success": true,
      "total_duration": 88.09943294525146,
      "environment_id": "15844dd3-6440-4c5c-856d-85449cb5e605",
      "steps_timing": {
        "environment_creation": 8.195929765701294,
        "environment_ready": 47.13713765144348,
        "environment_reset": 19.644702196121216,
        "get_cdp_url": 0.027288436889648438,
        "browser_operations": 13.072190999984741,
        "environment_closure": 5.226601839065552
      },
      "error": null
    },
    {
      "success": true,
      "total_duration": 44.74539542198181,
      "environment_id": "150bc13d-7b56-43cf-8d2e-bdbdebf06134",
      "steps_timing": {
        "environment_creation": 2.7018847465515137,
        "environment_ready": 0.7497203350067139,
        "environment_reset": 26.930126667022705,
        "get_cdp_url": 0.06660985946655273,
        "browser_operations": 13.969939231872559,
        "environment_closure": 5.27040958404541
      },
      "error": null
    },
    {
      "success": true,
      "total_duration": 126.0941150188446,
      "environment_id": "377cdd4d-1ecc-4852-b638-9597546ea76e",
      "steps_timing": {
        "environment_creation": 8.19239330291748,
        "environment_ready": 84.18242835998535,
        "environment_reset": 19.800475120544434,
        "get_cdp_url": 0.02578115463256836,
        "browser_operations": 13.868935108184814,
        "environment_closure": 5.235682964324951
      },
      "error": null
    },
    {
      "success": true,
      "total_duration": 42.87457823753357,
      "environment_id": "6aa93c1a-1840-4231-a1a2-6e2355a5813f",
      "steps_timing": {
        "environment_creation": 1.5240452289581299,
        "environment_ready": 3.3387722969055176,
        "environment_reset": 25.202160596847534,
        "get_cdp_url": 0.17903995513916016,
        "browser_operations": 12.585068941116333,
        "environment_closure": 5.276721239089966
      },
      "error": null
    },
    {
      "success": true,
      "total_duration": 86.28964567184448,
      "environment_id": "4c0e47e4-7c70-4395-93e5-49f561bb3bf9",
      "steps_timing": {
        "environment_creation": 6.524742603302002,
        "environment_ready": 45.661643266677856,
        "environment_reset": 20.198320627212524,
        "get_cdp_url": 0.0310823917388916,
        "browser_operations": 13.845128774642944,
        "environment_closure": 5.201648712158203
      },
      "error": null
    },
    {
      "success": true,
      "total_duration": 42.13520646095276,
      "environment_id": "7829c0a1-cce5-495d-b5e6-cc9999631205",
      "steps_timing": {
        "environment_creation": 3.127479076385498,
        "environment_ready": 0.8100814819335938,
        "environment_reset": 24.12072730064392,
        "get_cdp_url": 0.040129661560058594,
        "browser_operations": 13.8654625415802,
        "environment_closure": 5.250439167022705
      },
      "error": null
    },
    {
      "success": true,
      "total_duration": 80.3557231426239,
      "environment_id": "7bf038f1-ed5f-4037-845a-6c7f2f04694e",
      "steps_timing": {
        "environment_creation": 8.20733118057251,
        "environment_ready": 38.559895038604736,
        "environment_reset": 19.620734214782715,
        "get_cdp_url": 0.023616552352905273,
        "browser_operations": 13.92097020149231,
        "environment_closure": 5.215891122817993
      },
      "error": null
    },
    {
      "success": true,
      "total_duration": 85.62134647369385,
      "environment_id": "85d319e4-5caa-4949-a725-ba66fe5b4c85",
      "steps_timing": {
        "environment_creation": 8.149316787719727,
        "environment_ready": 42.540640354156494,
        "environment_reset": 20.88293766975403,
        "get_cdp_url": 0.029446840286254883,
        "browser_operations": 13.988012552261353,
        "environment_closure": 5.266242980957031
      },
      "error": null
    },
    {
      "success": true,
      "total_duration": 40.35480213165283,
      "environment_id": "bab9c6bf-a87e-4acf-a5d1-2639720e2ec4",
      "steps_timing": {
        "environment_creation": 6.521376609802246,
        "environment_ready": 0.21265792846679688,
        "environment_reset": 19.681158781051636,
        "get_cdp_url": 0.03479504585266113,
        "browser_operations": 13.868944883346558,
        "environment_closure": 5.223742961883545
      },
      "error": null
    },
    {
      "success": true,
      "total_duration": 87.1953330039978,
      "environment_id": "bd4644f9-4338-42d0-a6c5-00497a497858",
      "steps_timing": {
        "environment_creation": 8.139972686767578,
        "environment_ready": 44.63980054855347,
        "environment_reset": 20.668453454971313,
        "get_cdp_url": 0.039678335189819336,
        "browser_operations": 13.685640811920166,
        "environment_closure": 5.245964050292969
      },
      "error": null
    },
    {
      "success": true,
      "total_duration": 45.64516353607178,
      "environment_id": "b176c422-60ba-4627-8865-f86f416aaadd",
      "steps_timing": {
        "environment_creation": 7.130374908447266,
        "environment_ready": 3.731165647506714,
        "environment_reset": 20.86714267730713,
        "get_cdp_url": 0.037954092025756836,
        "browser_operations": 13.806239366531372,
        "environment_closure": 6.193393707275391
      },
      "error": null
    },
    {
      "success": true,
      "total_duration": 40.66545271873474,
      "environment_id": "0d0c46e6-4799-468c-9165-adbcf174c6ec",
      "steps_timing": {
        "environment_creation": 5.458007097244263,
        "environment_ready": 1.1544361114501953,
        "environment_reset": 19.693454027175903,
        "get_cdp_url": 0.026320695877075195,
        "browser_operations": 14.307570457458496,
        "environment_closure": 5.390411376953125
      },
      "error": null
    },
    {
      "success": true,
      "total_duration": 73.13335275650024,
      "environment_id": "311e8731-b0b8-4d3f-8f2b-fa35fe6d788e",
      "steps_timing": {
        "environment_creation": 6.45268988609314,
        "environment_ready": 32.11371874809265,
        "environment_reset": 20.802521228790283,
        "get_cdp_url": 0.037357330322265625,
        "browser_operations": 13.672617435455322,
        "environment_closure": 5.23319411277771
      },
      "error": null
    },
    {
      "success": true,
      "total_duration": 41.713643312454224,
      "environment_id": "80c72c2b-7eea-49d1-84a8-65e2395f6aeb",
      "steps_timing": {
        "environment_creation": 6.499245643615723,
        "environment_ready": 2.132265090942383,
        "environment_reset": 19.243849277496338,
        "get_cdp_url": 0.033412933349609375,
        "browser_operations": 13.782342910766602,
        "environment_closure": 5.228164196014404
      },
      "error": null
    },
    {
      "success": true,
      "total_duration": 40.62310290336609,