{
    "model": {
        "accuracy": 0.9666666666666667,
        "balanced_accuracy": 0.9665831244778613,
        "f1_score": 0.9665831244778613
    },
    "majority_baseline": {
        "accuracy": 0.35,
        "balanced_accuracy": 0.3333333333333333,
        "f1_score": 0.1728395061728395
    }
}