{"g1": -6.909453505549654e-06, "g2": -1.3818907011099308e-05, "g3": 1.7273633763874136e-05}